Name,MSE,MAE
GRU_model,0.035650983452796936,0.18458795547485352
best_model,0.002114337868988514,0.041881900280714035
LSTM_model,0.03753206878900528,0.18939462304115295
SimpleRNN_model,0.034011974930763245,0.18042214214801788
